Station,Latitude,Longitude,Temperature,Date_Mise_A_Jour
Caen (14),"49,18","-0,44000006","10,5",08/10/2026 22:45:37
Bayeux (14),"49,28","-0,70000005","11,1",08/10/2026 22:45:37
Lisieux (14),"49,14","0,21999979","10,5",08/10/2026 22:45:37
Vire Normandie (14),"48,84","-0,8800001","9,8",08/10/2026 22:45:37
Deauville (14),"49,36","0,07999992","12,2",08/10/2026 22:45:37
Falaise (14),"48,88","-0,20000005","9,5",08/10/2026 22:45:37
Honfleur (14),"49,42","0,23999977","14,0",08/10/2026 22:45:37
Cabourg (14),"49,28","-0,16000009","11,7",08/10/2026 22:45:37
Ouistreham (14),"49,32","-0,3800001","11,3",08/10/2026 22:45:37
Isigny-sur-Mer (14),"49,2","-0,8800001","9,6",08/10/2026 22:45:37
Villers-Bocage (14),"49,08","-0,50000024","10,3",08/10/2026 22:45:37
Livarot (14),"49,02","0,15999985","9,6",08/10/2026 22:45:37
Cherbourg-en-Cotentin (50),"49,64","-1,6400001","13,5",08/10/2026 22:45:37
Saint-Lô (50),"49,12","-1,0600002","10,1",08/10/2026 22:45:37
Avranches (50),"48,68","-1,3600001","12,0",08/10/2026 22:45:37
Granville (50),"48,84","-1,6000004","15,0",08/10/2026 22:45:37
Coutances (50),"49,04","-1,44","12,7",08/10/2026 22:45:37
Valognes (50),"49,5","-1,46","11,4",08/10/2026 22:45:37
Sartilly (50),"48,62","-1,5100002","12,2",08/10/2026 22:45:37
Carentan (50),"49,3","-1,44","11,7",08/10/2026 22:45:37
Barneville-Carteret (50),"49,43","-1,8100004","14,5",08/10/2026 22:45:37
Bricquebec (50),"49,66","-1,46","11,8",08/10/2026 22:45:37
Lessay (50),"49,41","-1,7300005","12,9",08/10/2026 22:45:37
Cap de la Hague (50),"49,72","-1,9300003","14,7",08/10/2026 22:45:37
Alençon (61),"48,44","0,099999905","8,9",08/10/2026 22:45:37
Flers (61),"48,74","-0,5600002","9,1",08/10/2026 22:45:37
Argentan (61),"48,74","0,019999743","7,6",08/10/2026 22:45:37
Mortagne-au-Perche (61),"48,52","0,53999996","7,6",08/10/2026 22:45:37
Vimoutiers (61),"48,92","0,19999981","8,5",08/10/2026 22:45:37
L'Aigle (61),"48,760002","0,6199999","6,0",08/10/2026 22:45:37
Sées (61),"48,64","-0,120000124","7,2",08/10/2026 22:45:37
Domfront en Poiraie (61),"48,68","-0,74000025","9,2",08/10/2026 22:45:37
La Ferté-Macé (61),"48,6","-0,4000001","7,5",08/10/2026 22:45:37
Longny les Villages (61),"48,4","0,85999966","7,7",08/10/2026 22:45:37
Tourouvre au Perche (61),"48,5","0,42000008","7,6",08/10/2026 22:45:37
Bagnoles de l'Orne (61),"48,52","-0,22000003","7,9",08/10/2026 22:45:37
Rouen (76),"49,38","1,1799998","8,5",08/10/2026 22:45:37
Le Havre (76),"49,5","0,099999905","14,2",08/10/2026 22:45:37
Dieppe (76),"49,92","1,0799999","12,8",08/10/2026 22:45:37
Fécamp (76),"49,760002","0,37999964","12,3",08/10/2026 22:45:37
Yvetot (76),"49,62","0,75999975","8,9",08/10/2026 22:45:37
Barentin (76),"49,54","0,96000004","7,7",08/10/2026 22:45:37
Neufchâtel-en-Bray (76),"49,72","1,44","7,1",08/10/2026 22:45:37
Yerville (76),"49,66","0,6199999","8,2",08/10/2026 22:45:37
Bolbec (76),"49,48","0,48000002","9,5",08/10/2026 22:45:37
Pavilly (76),"49,44","0,7399998","6,6",08/10/2026 22:45:37
Le Tréport (76),"50,06","1,3799996","13,5",08/10/2026 22:45:37
Envermeu (76),"49,86","1,44","7,6",08/10/2026 22:45:37
Saint-Saëns (76),"49,52","1,0","8,1",08/10/2026 22:45:37
Lillebonne (76),"49,38","0,33999968","9,7",08/10/2026 22:45:37
Évreux (27),"49,02","1,1599998","8,4",08/10/2026 22:45:37
Vernon (27),"49,1","1,48","8,6",08/10/2026 22:45:37
Louviers (27),"49,2","1,1599998","6,7",08/10/2026 22:45:37
Gisors (27),"49,28","1,7799997","7,6",08/10/2026 22:45:37
Pont-Audemer (27),"49,34","0,52","6,5",08/10/2026 22:45:37
Les Andelys (27),"49,4","1,1199999","9,7",08/10/2026 22:45:37
Gaillon (27),"49,34","1,52","7,4",08/10/2026 22:45:37
Conches-en-Ouche (27),"48,96","1,3199997","8,2",08/10/2026 22:45:37
Brionne (27),"49,38","1,2199998","8,4",08/10/2026 22:45:37
Le Neubourg (27),"49,24","1,0","7,5",08/10/2026 22:45:37
